Group,Location,Country,Year,"GDP, real, US$ - Total",Employment - Total,Total population,GDP per capita,growth,growth_pct
Cartagena,Cartagena,Colombia,2001,2691.971,338.6281,1012.694,2658.227460614954,NA,NA
Cartagena,Cartagena,Colombia,2002,2765.349,333.4424,1025.077,2697.6988070164484,39.47134640149443,0.014848746763139348
Cartagena,Cartagena,Colombia,2003,3106.797,341.5557,1036.816,2996.4786423049027,298.77983528845425,0.11075359284415198
Cartagena,Cartagena,Colombia,2004,3202.677,339.4064,1048.314,3055.074147631339,58.59550532643652,0.01955478824349792
Cartagena,Cartagena,Colombia,2005,3422.935,362.0006,1059.62,3230.342009399596,175.2678617682568,0.05736942977444444
Cartagena,Cartagena,Colombia,2006,3754.097,370.3664,1074.557,3493.62295345896,263.2809440593642,0.08150249827828558
Cartagena,Cartagena,Colombia,2007,4148.034,395.9585,1088.791,3809.7614693729097,316.1385159139495,0.09049016454421552
Cartagena,Cartagena,Colombia,2008,4289.691,376.7386,1102.244,3891.779859994702,82.01839062179215,0.021528484468423283
Cartagena,Cartagena,Colombia,2009,4285.529,401.419,1114.637,3844.775473988393,-47.00438600630878,-0.012077863521903515
Cartagena,Cartagena,Colombia,2010,4415.619,417.8033,1125.874,3921.9477490376366,77.17227504924358,0.020071984845759696
Cartagena,Cartagena,Colombia,2011,4615.479,446.5449,1135.916,4063.2221044513853,141.2743554137487,0.03602147821791212
Cartagena,Cartagena,Colombia,2012,4902.516,466.9456,1145.201,4280.9218643714075,217.6997599200222,0.053578109767006186
Cartagena,Cartagena,Colombia,2013,5452.541,475.7934,1154.591,4722.487010551788,441.5651461803809,0.10314720991648337
Cartagena,Cartagena,Colombia,2014,5490.212,496.9039,1164.916,4712.968145342668,-9.518865209120122,-0.002015646668344761
Cartagena,Cartagena,Colombia,2015,5492.243,504.835,1176.843,4666.929233551119,-46.03891179154925,-0.009768559933307564
Cartagena,Cartagena,Colombia,2016,5521.301,500.4729,1191.289,4634.728432815211,-32.20080073590816,-0.006899783374560879
Cartagena,Cartagena,Colombia,2017,5521.775,491.3079,1207.904,4571.369082311177,-63.3593505040335,-0.01367056374984801
Cartagena,Cartagena,Colombia,2018,5504.124,497.2318,1223.368,4499.156427174816,-72.21265513636172,-0.015796723877708137
Cartagena,Cartagena,Colombia,2019,5722.388,506.7218,1238.787,4619.347797482537,120.19137030772163,0.02671420126265629
Cartagena,Cartagena,Colombia,2020,5026.086,444.4638,1254.128,4007.6339895130322,-611.7138079695051,-0.13242428039362575
Cartagena,Cartagena,Colombia,2021,5651.096,475.4521,1259.382,4487.197689025252,479.5636995122195,0.11966254921659931
Benchmark,Barranquilla,Colombia,2001,5533.322,630.4178,1785.985,3098.19063429984,NA,NA
Benchmark,Barranquilla,Colombia,2002,5723.628,620.04,1816.744,3150.4868049653664,52.29617066552646,0.016879584518318343
Benchmark,Barranquilla,Colombia,2003,5765.644,623.5895,1847.013,3121.6044499957497,-28.8823549696167,-0.009167584807559352
Benchmark,Barranquilla,Colombia,2004,6042.202,633.5532,1876.67,3219.640107211177,98.03565721542736,0.0314055348093705
Benchmark,Barranquilla,Colombia,2005,6462.128,642.4285,1905.452,3391.3884999464694,171.74839273529233,0.05334397231250148
Benchmark,Barranquilla,Colombia,2006,7067.478,679.4194,1935.026,3652.394334753125,261.00583480665546,0.07696134925585059
Benchmark,Barranquilla,Colombia,2007,7468.841,706.7008,1963.886,3803.0929493870826,150.69861463395773,0.04126022571003245
Benchmark,Barranquilla,Colombia,2008,7758.839,704.3148,1991.763,3895.4629642181326,92.37001483104996,0.02428812970399174
Benchmark,Barranquilla,Colombia,2009,7802.896,747.3783,2018.252,3866.1653747896694,-29.297589428463198,-0.0075209518605559595
Benchmark,Barranquilla,Colombia,2010,7910.291,786.3732,2043.11,3871.691196264518,5.525821474848726,0.0014292770585762507
Benchmark,Barranquilla,Colombia,2011,8148.08,824.5093,2065.994,3943.9030316641765,72.21183539965841,0.01865123837080028
Benchmark,Barranquilla,Colombia,2012,8912.586,859.7956,2087.735,4269.021690971315,325.11865930713884,0.08243576393660754
Benchmark,Barranquilla,Colombia,2013,9243.249,873.1675,2110.069,4380.543479857768,111.52178888645267,0.026123500173895465
Benchmark,Barranquilla,Colombia,2014,9887.386,908.1453,2134.521,4632.133391988179,251.589912130411,0.05743349273606111
Benchmark,Barranquilla,Colombia,2015,10627.46,968.5488,2162.854,4913.6280118769,281.494619888721,0.06076997272479224
Benchmark,Barranquilla,Colombia,2016,10768.94,977.0358,2198.807,4897.628577678714,-15.999434198186464,-0.003256134603497391
Benchmark,Barranquilla,Colombia,2017,10951.9,988.0844,2242.203,4884.437314551805,-13.19126312690878,-0.00269339802267344
Benchmark,Barranquilla,Colombia,2018,11116.77,1004.77,2273.642,4889.410909896985,4.9735953451800015,0.0010182534906042454
Benchmark,Barranquilla,Colombia,2019,11465.15,1019.231,2303.748,4976.7379070974775,87.32699720049277,0.017860433252547527
Benchmark,Barranquilla,Colombia,2020,10788.31,905.1576,2333.578,4623.076665961026,-353.6612411364513,-0.07106286240874453
Benchmark,Barranquilla,Colombia,2021,11766.68,961.0159,2345.111,5017.536483347697,394.4598173866707,0.08532409170088293
Benchmark,Bucaramanga,Colombia,2001,4559.604,399.8256,1009.962,4514.629263279213,NA,NA
Benchmark,Bucaramanga,Colombia,2002,4850.176,399.1776,1018.436,4762.376820929347,247.74755765013379,0.05487661183283557
Benchmark,Bucaramanga,Colombia,2003,5325.837,422.1473,1026.124,5190.246987693495,427.87016676414805,0.08984382858655271
Benchmark,Bucaramanga,Colombia,2004,5652.169,416.5183,1033.268,5470.186824715369,279.93983702187415,0.05393574480860635
Benchmark,Bucaramanga,Colombia,2005,5966.509,429.2761,1039.888,5737.645784930685,267.45896021531644,0.048893935213855
Benchmark,Bucaramanga,Colombia,2006,6271.809,404.168,1053.955,5950.736985924446,213.09120099376105,0.037139134931163297
Benchmark,Bucaramanga,Colombia,2007,7413.239,430.3172,1067.662,6943.432472074495,992.695486150049,0.16681891478284414
Benchmark,Bucaramanga,Colombia,2008,7938.005,459.0818,1080.946,7343.572204346933,400.13973227243787,0.05762851930680443
Benchmark,Bucaramanga,Colombia,2009,7719.28,507.5691,1093.567,7058.808468068258,-284.7637362786754,-0.038777277373280704
Benchmark,Bucaramanga,Colombia,2010,8242.974,526.7615,1105.395,7457.0393388788625,398.23087081060476,0.056416160406118264
Benchmark,Bucaramanga,Colombia,2011,8460.613,534.2167,1116.248,7579.510108864696,122.47076998583361,0.016423511318668545
Benchmark,Bucaramanga,Colombia,2012,8586.624,543.3821,1126.424,7622.905761951095,43.39565308639885,0.00572539022484382
Benchmark,Bucaramanga,Colombia,2013,8594.336,544.778,1136.798,7560.125897476948,-62.77986447414696,-0.00823568681479782
Benchmark,Bucaramanga,Colombia,2014,9615.429,570.731,1148.273,8373.817898705272,813.6920012283244,0.10762942472953778
Benchmark,Bucaramanga,Colombia,2015,9673.256,566.4124,1161.479,8328.395089364509,-45.422809340763706,-0.005424384658255681
Benchmark,Bucaramanga,Colombia,2016,9760.487,563.0716,1177.201,8291.2663173069,-37.12877205760924,-0.004458094465886142
Benchmark,Bucaramanga,Colombia,2017,10226.35,574.3756,1195.087,8556.99208509506,265.72576778816074,0.032048876205253964
Benchmark,Bucaramanga,Colombia,2018,9971.906,559.1071,1204.093,8281.674256058295,-275.31782903676503,-0.03217460368069354
Benchmark,Bucaramanga,Colombia,2019,10303.25,540.3099,1212.719,8495.99123952045,214.3169834621549,0.02587846090485575
Benchmark,Bucaramanga,Colombia,2020,9450.737,465.1591,1220.928,7740.617792367772,-755.3734471526777,-0.08890939572052975
Benchmark,Bucaramanga,Colombia,2021,10348.22,495.9427,1221.736,8470.095012343092,729.4772199753197,0.094240180763683
Benchmark,Cali,Colombia,2001,8841.133,931.7785,2297.086,3848.8471916158123,NA,NA
Benchmark,Cali,Colombia,2002,9544.822,948.3322,2327.499,4100.891987493872,252.04479587805963,0.06548578920646805
Benchmark,Cali,Colombia,2003,9840.175,980.8813,2357.319,4174.307762335094,73.41577484122172,0.017902391739434084
Benchmark,Cali,Colombia,2004,10318.84,995.7713,2386.667,4323.535709003392,149.2279466682985,0.03574914816171122
Benchmark,Cali,Colombia,2005,10637.96,1046.622,2415.131,4404.713450326297,81.1777413229047,0.01877577676850431
Benchmark,Cali,Colombia,2006,11207.59,1023.96,2434.801,4603.0825517157255,198.36910138942858,0.04503564275554261
Benchmark,Cali,Colombia,2007,12278.68,1065.456,2451.976,5007.667285487297,404.58473377157134,0.08789430326874517
Benchmark,Cali,Colombia,2008,12906.37,1069.489,2465.756,5234.244588677874,226.57730319057737,0.04524607771910492
Benchmark,Cali,Colombia,2009,12497.53,1111.958,2477.293,5044.833211089685,-189.41137758818877,-0.036186955802161413
Benchmark,Cali,Colombia,2010,12481.15,1115.988,2487.906,5016.728927861423,-28.10428322826283,-0.00557090433960894
Benchmark,Cali,Colombia,2011,13029.52,1077.6,2496.919,5218.238957691459,201.51002983003673,0.040167613743471345
Benchmark,Cali,Colombia,2012,13698.03,1122.182,2503.689,5471.13878760501,252.899829913551,0.04846459350827305
Benchmark,Cali,Colombia,2013,14210.44,1144.813,2509.298,5663.1137473508525,191.97495974584217,0.03508866566879382
Benchmark,Cali,Colombia,2014,15255.5,1193.9,2517.689,6059.326628507333,396.21288115648076,0.06996378650205025
Benchmark,Cali,Colombia,2015,15748.6,1250.1,2530.855,6222.640174960636,163.31354645330248,0.02695242499141088
Benchmark,Cali,Colombia,2016,16134.75,1277.627,2547.45,6333.686627804275,111.0464528436396,0.01784555264668539
Benchmark,Cali,Colombia,2017,16445.6,1277.161,2564.578,6412.594976639431,78.90834883515527,0.012458517996257535
Benchmark,Cali,Colombia,2018,16980.38,1287.68,2586.678,6564.551134698638,151.95615805920716,0.0236965157807052
Benchmark,Cali,Colombia,2019,17590.36,1309.192,2608.7,6742.960095066508,178.40896036787035,0.0271776328201396
Benchmark,Cali,Colombia,2020,16547.87,1127.662,2630.583,6290.571329625409,-452.38876544109917,-0.06709052983601219
Benchmark,Cali,Colombia,2021,17926.44,1217.254,2628.009,6821.300840293926,530.7295106685169,0.08436904739781734
Benchmark,Panama City,Panama,2000,13719.93,518.53,1312.022,10457.088371993763,NA,NA
Benchmark,Panama City,Panama,2001,13407,527.2104,1316.538,10183.526795276703,-273.56157671706023,-0.026160396372829218
Benchmark,Panama City,Panama,2002,13520.79,535.1115,1321.065,10234.765132677045,51.23833740034206,0.005031492372967222
Benchmark,Panama City,Panama,2003,13805.23,540.1385,1325.587,10414.427721454722,179.66258877767723,0.01755414867353033
Benchmark,Panama City,Panama,2004,14599.13,560.8389,1330.105,10975.922953451043,561.4952319963213,0.05391513072192985
Benchmark,Panama City,Panama,2005,15193.82,576.3603,1334.629,11384.302304235858,408.37935078481496,0.03720683467957586
Benchmark,Panama City,Panama,2006,16233.85,580.9528,1339.151,12122.494027932624,738.1917236967656,0.06484294812007058
Benchmark,Panama City,Panama,2007,17983.01,592.3971,1343.668,13383.521822354927,1261.0277944223035,0.10402379176402529
Benchmark,Panama City,Panama,2008,19305.2,628.5897,1348.192,14319.325437326434,935.8036149715062,0.06992207487631569
Benchmark,Panama City,Panama,2009,19379.88,606.9294,1352.713,14326.675355378413,7.34991805197933,5.13286612847011e-4
Benchmark,Panama City,Panama,2010,20229.65,606.1107,1357.236,14905.034938654737,578.359583276324,0.0403694206038668
Benchmark,Panama City,Panama,2011,22888.13,670.0082,1362.56,16797.887799436354,1892.852860781617,0.1269941914643011
Benchmark,Panama City,Panama,2012,25360.13,690.7178,1367.745,18541.56293753587,1743.6751380995156,0.10380323758074059
Benchmark,Panama City,Panama,2013,27596.19,721.7053,1372.85,20101.387624285246,1559.8246867493763,0.08412584699597463
Benchmark,Panama City,Panama,2014,29456.38,743.2364,1377.959,21376.818903900625,1275.431279615379,0.06344991218787714
Benchmark,Panama City,Panama,2015,29833.85,769.4927,1383.128,21569.84024616666,193.02134226603448,0.009029469872657896
Benchmark,Panama City,Panama,2016,30400.59,781.3783,1388.366,21896.66845774097,326.82821157430953,0.015152092358792165
Benchmark,Panama City,Panama,2017,31150.87,782.116,1393.609,22352.661327531612,455.99286979064345,0.020824760199053917
Benchmark,Panama City,Panama,2018,32060.51,829.048,1398.559,22923.959589834965,571.2982623033531,0.025558400135544
Benchmark,Panama City,Panama,2019,32853.94,840.9177,1403.294,23412.01487357603,488.05528374106507,0.02129018251966735
Benchmark,Panama City,Panama,2020,26996.73,740.8963,1407.82,19176.265431660297,-4235.749441915734,-0.180922037884762
Benchmark,Panama City,Panama,2021,30029.92,849.1738,1411.138,21280.64016417955,2104.3747325192526,0.10973850669822806
Benchmark,Arequipa,Peru,2001,2804.418,333.0975,769.1552,3646.101593020498,NA,NA
Benchmark,Arequipa,Peru,2002,3059.748,350.5478,777.0741,3937.524104844055,291.42251182355676,0.07992715079069888
Benchmark,Arequipa,Peru,2003,3130.582,352.7944,783.9405,3993.39235566985,55.86825082579526,0.014188675253331031
Benchmark,Arequipa,Peru,2004,3282.768,357.8955,790.2109,4154.293493040908,160.9011373710582,0.04029184288456142
Benchmark,Arequipa,Peru,2005,3499.012,367.9951,796.2761,4394.219542693796,239.92604965288774,0.05775375525460621
Benchmark,Arequipa,Peru,2006,3755.263,385.3701,802.1999,4681.206018599604,286.9864759058082,0.06530999944756434
Benchmark,Arequipa,Peru,2007,4527.038,405.4417,807.926,5603.282973935732,922.0769553361279,0.1969742309294838
Benchmark,Arequipa,Peru,2008,4985.886,408.3704,813.6255,6127.986401606145,524.7034276704126,0.0936421433847133
Benchmark,Arequipa,Peru,2009,5075.785,413.1907,819.4576,6194.078863872884,66.09246226673895,0.010785347410271035
Benchmark,Arequipa,Peru,2010,5462.336,424.4713,825.6048,6616.163084323153,422.08422045026964,0.06814317830405521
Benchmark,Arequipa,Peru,2011,5725.821,429.311,831.9987,6882.007147366938,265.84406304378444,0.04018100213909416
Benchmark,Arequipa,Peru,2012,6080.33,438.6578,838.7045,7249.668983533533,367.6618361665951,0.053423634746915784
Benchmark,Arequipa,Peru,2013,6317.008,455.275,846.2269,7464.910415870731,215.2414323371986,0.029689828987514492
Benchmark,Arequipa,Peru,2014,6465.442,457.8168,855.2256,7559.925708491421,95.01529262068925,0.012728256245203226
Benchmark,Arequipa,Peru,2015,6602.05,453.4139,866.0913,7622.81066672763,62.88495823620906,0.008318197911068853
Benchmark,Arequipa,Peru,2016,7772.269,452.347,879.1466,8840.697330797842,1217.8866640702126,0.15976871488965302
Benchmark,Arequipa,Peru,2017,8025.953,472.5544,894.0743,8976.830001712386,136.13267091454327,0.015398408725101979
Benchmark,Arequipa,Peru,2018,8277.992,480.4621,909.1163,9105.536882354876,128.70688064249043,0.01433767606359247
Benchmark,Arequipa,Peru,2019,8355.236,494.2238,924.2437,9040.078931563181,-65.45795079169511,-0.007188807385816262
Benchmark,Arequipa,Peru,2020,7108.508,354.8132,939.3254,7567.673566582997,-1472.4053649801835,-0.16287527754202694
Benchmark,Arequipa,Peru,2021,7951.838,429.4097,948.5643,8383.024745923918,815.3511793409207,0.10774132527879014
Benchmark,Chiclayo,Peru,2001,1440.156,241.935,643.1774,2239.127183262347,NA,NA
Benchmark,Chiclayo,Peru,2002,1505.564,237.3807,649.4201,2318.3206063378693,79.19342307552233,0.03536798787826768
Benchmark,Chiclayo,Peru,2003,1578.385,275.8673,654.6881,2410.896119846993,92.57551350912354,0.03993214452567036
Benchmark,Chiclayo,Peru,2004,1556.963,276.2725,659.3942,2361.202145848417,-49.693973998575984,-0.020612241891919344
Benchmark,Chiclayo,Peru,2005,1655.12,273.0731,663.8989,2493.030188783262,131.82804293484514,0.055830900868285155
Benchmark,Chiclayo,Peru,2006,1758.075,278.387,668.3196,2630.5902146218664,137.56002583860436,0.05517784199225495
Benchmark,Chiclayo,Peru,2007,1935.733,303.1787,672.59,2878.0282192717705,247.4380046499041,0.09406178251350031
Benchmark,Chiclayo,Peru,2008,2107.484,303.731,676.7526,3114.112897386726,236.08467811495575,0.08203000809168313
Benchmark,Chiclayo,Peru,2009,2219.202,320.1768,680.8419,3259.496808289854,145.3839109031278,0.046685497826726124
Benchmark,Chiclayo,Peru,2010,2401.956,329.4249,684.9143,3506.9438614436867,247.4470531538327,0.07591572187599707
Benchmark,Chiclayo,Peru,2011,2562.628,333.8029,688.8812,3719.985390804684,213.04152936099717,0.06074848579791505
Benchmark,Chiclayo,Peru,2012,2813.691,337.708,692.8639,4060.9577147835244,340.97232397884045,0.09165958684184065
Benchmark,Chiclayo,Peru,2013,2952.543,340.9453,697.3289,4234.075197514401,173.11748273087687,0.042629718132907266
Benchmark,Chiclayo,Peru,2014,3027.259,337.7802,702.8688,4307.004379764759,72.92918225035737,0.017224347430855783
Benchmark,Chiclayo,Peru,2015,3136.738,341.952,709.8434,4418.915496009401,111.91111624464247,0.025983515775007144
Benchmark,Chiclayo,Peru,2016,3228.34,354.0369,718.4752,4493.321411789858,74.40591578045678,0.016838049029824328
Benchmark,Chiclayo,Peru,2017,3314.07,355.4215,728.4553,4549.448675848745,56.127264058886794,0.012491264014992688
Benchmark,Chiclayo,Peru,2018,3434.809,372.8514,738.32,4652.19552497562,102.74684912687553,0.022584461645279927
Benchmark,Chiclayo,Peru,2019,3520.883,373.1817,748.1199,4706.308440665727,54.112915690107,0.011631694196771875
Benchmark,Chiclayo,Peru,2020,3237.731,284.3633,757.86,4272.201989813422,-434.106450852305,-0.09223926912680182
Benchmark,Chiclayo,Peru,2021,3479.048,331.9087,763.1724,4558.665905632855,286.46391581943317,0.06705298965322185
Benchmark,Trujillo,Peru,2001,1779.891,266.494,754.6602,2358.5330192317015,NA,NA
Benchmark,Trujillo,Peru,2002,1869.172,278.2875,764.2493,2445.762135470716,87.22911623901473,0.03698447955900564
Benchmark,Trujillo,Peru,2003,2004.952,289.1561,772.9402,2593.928999940746,148.16686447002985,0.06058106073406577
Benchmark,Trujillo,Peru,2004,2032.097,296.9356,781.0815,2601.645282854606,7.716282913860141,0.0029747471553910713
Benchmark,Trujillo,Peru,2005,2200.288,307.7766,788.9662,2788.8241600210504,187.17887716644418,0.07194634810517508
Benchmark,Trujillo,Peru,2006,2525.488,318.1193,796.7021,3169.927630415434,381.10347039438375,0.13665381842916446
Benchmark,Trujillo,Peru,2007,2793.139,347.5479,804.296,3472.774948526413,302.8473181109789,0.09553761265877522
Benchmark,Trujillo,Peru,2008,3015.253,353.8942,811.8531,3714.0376750424425,241.2627265160295,0.06947260622759428
Benchmark,Trujillo,Peru,2009,3057.726,381.5727,819.4639,3731.3736456236816,17.335970581239053,0.004667688402229507
Benchmark,Trujillo,Peru,2010,3295.098,391.7676,827.2427,3983.2300726256026,251.85642700192102,0.06749697321181149
Benchmark,Trujillo,Peru,2011,3445.179,383.5552,835.1,4125.468806131003,142.23873350539998,0.035709394363866435
Benchmark,Trujillo,Peru,2012,3733.593,402.0244,843.1485,4428.155894246387,302.68708811538454,0.07337034948986906
Benchmark,Trujillo,Peru,2013,3935.168,398.6019,851.9325,4619.107734474269,190.9518402278818,0.043122203641473025
Benchmark,Trujillo,Peru,2014,4041.138,413.7195,862.1588,4687.231632965992,68.12389849172268,0.014748280925185287
Benchmark,Trujillo,Peru,2015,4130.589,410.3566,874.2618,4724.659135284191,37.427502318199004,0.007984990981663005
Benchmark,Trujillo,Peru,2016,4191.156,421.9107,888.5753,4716.714497915934,-7.9446373682567355,-0.0016815260404555855
Benchmark,Trujillo,Peru,2017,4266.54,444.1321,904.7608,4715.655231747441,-1.0592661684931954,-2.2457712226619378e-4
Benchmark,Trujillo,Peru,2018,4460.289,450.2943,920.678,4844.569979949559,128.91474820211806,0.027337610971688277
Benchmark,Trujillo,Peru,2019,4617.387,456.7595,936.6093,4929.896596158078,85.32661620851923,0.017612835930054548
Benchmark,Trujillo,Peru,2020,4269.727,345.3952,952.5601,4482.370193754704,-447.52640240337405,-0.0907780505481872
Benchmark,Trujillo,Peru,2021,4684.562,413.5831,962.5915,4866.61475818143,384.24456442672636,0.08572352300622005
Benchmark,Barquisimeto,Venezuela,2001,4896.108,405.2711,1092.052,4483.401889287324,NA,NA
Benchmark,Barquisimeto,Venezuela,2002,4289.562,408.5794,1109.021,3867.881672213601,-615.5202170737225,-0.1372886554168725
Benchmark,Barquisimeto,Venezuela,2003,3858.639,403.5139,1125.985,3426.9008912196878,-440.9807809939134,-0.1140109285560276
Benchmark,Barquisimeto,Venezuela,2004,4661.385,421.731,1142.586,4079.679779027574,652.7788878078863,0.19048665500669093
Benchmark,Barquisimeto,Venezuela,2005,5337.438,435.6974,1159.771,4602.148182701585,522.4684036740109,0.12806603262340988
Benchmark,Barquisimeto,Venezuela,2006,5849.48,446.9086,1182.209,4947.9237596736275,345.7755769720425,0.07513351661985444
Benchmark,Barquisimeto,Venezuela,2007,6439.861,459.1765,1198.876,5371.582215341703,423.6584556680755,0.08562348092768927
Benchmark,Barquisimeto,Venezuela,2008,7091.178,493.3368,1215.785,5832.592111269673,461.0098959279703,0.08582385551342511
Benchmark,Barquisimeto,Venezuela,2009,6789.866,499.1319,1235.994,5493.445761063565,-339.14635020610785,-0.05814676283479739
Benchmark,Barquisimeto,Venezuela,2010,6924.902,506.9408,1255.12,5517.322646440181,23.876885376615974,0.00434643144123685
Benchmark,Barquisimeto,Venezuela,2011,7137.328,521.0365,1275.199,5597.030737947567,79.70809150738569,0.014446878787995833
Benchmark,Barquisimeto,Venezuela,2012,7551.459,525.8076,1296.418,5824.864357020652,227.83361907308517,0.040706158272168405
Benchmark,Barquisimeto,Venezuela,2013,7854.177,545.9384,1310.512,5993.212576458666,168.34821943801398,0.028901654891775378
Benchmark,Barquisimeto,Venezuela,2014,7291.113,543.3381,1308.647,5571.489484941318,-421.7230915173486,-0.07036678344664038
Benchmark,Barquisimeto,Venezuela,2015,6868.137,538.8409,1308.163,5250.214996143447,-321.2744887978706,-0.05766402138354829
Benchmark,Barquisimeto,Venezuela,2016,5694.773,535.7174,1289.376,4416.689158166431,-833.5258379770157,-0.158760324784658
Benchmark,Barquisimeto,Venezuela,2017,4847.762,521.102,1259.353,3849.406798570377,-567.2823595960544,-0.1284406348921234
Benchmark,Barquisimeto,Venezuela,2018,3951.852,517.2613,1226.146,3222.986495898531,-626.420302671846,-0.1627316455367853
Benchmark,Barquisimeto,Venezuela,2019,2687.887,518.8295,1200.628,2238.7342290867778,-984.2522668117531,-0.30538516623146916
Benchmark,Barquisimeto,Venezuela,2020,1764.211,491.0457,1190.165,1482.324719681725,-756.4095094050529,-0.33787374114238056
Benchmark,Barquisimeto,Venezuela,2021,1779.613,499.1436,1197.453,1486.1652190106836,3.8404993289586855,0.0025908623650176274
Benchmark,Guayana City,Venezuela,2001,4307.439,234.5276,674.2922,6388.089614561759,NA,NA
Benchmark,Guayana City,Venezuela,2002,3264.938,239.3917,688.6849,4740.829949952438,-1647.2596646093207,-0.2578642072982765
Benchmark,Guayana City,Venezuela,2003,3860.364,241.4895,707.2357,5458.383958841445,717.5540088890066,0.15135620059441393
Benchmark,Guayana City,Venezuela,2004,4626.535,258.0734,725.1729,6379.906088603146,921.5221297617009,0.16882691593526084
Benchmark,Guayana City,Venezuela,2005,4643.502,261.1759,743.537,6245.152561338575,-134.75352726457095,-0.021121553419930463
Benchmark,Guayana City,Venezuela,2006,4958.89,268.1124,760.7628,6518.312935385379,273.16037404680446,0.043739583839446795
Benchmark,Guayana City,Venezuela,2007,5437.621,288.6101,774.3806,7021.897242777001,503.58430739162213,0.07725684734432729
Benchmark,Guayana City,Venezuela,2008,5698.299,304.4282,787.4744,7236.170471065473,214.27322828847173,0.03051500483133409
Benchmark,Guayana City,Venezuela,2009,5627.113,313.0953,804.0961,6998.060306473319,-238.11016459215443,-0.03290554935711658
Benchmark,Guayana City,Venezuela,2010,5300.005,311.991,819.5511,6466.960998527121,-531.0993079461978,-0.07589235940920977
Benchmark,Guayana City,Venezuela,2011,5816.801,327.4226,836.484,6953.870008272723,486.9090097456019,0.07529178076943677
Benchmark,Guayana City,Venezuela,2012,6116.769,333.5655,854.1194,7161.491707131345,207.62169885862204,0.029857000290719176
Benchmark,Guayana City,Venezuela,2013,6648.639,358.4815,870.4443,7638.213036721591,476.72132959024657,0.06656732271511702
Benchmark,Guayana City,Venezuela,2014,6264.166,368.5297,873.304,7172.950083819609,-465.2629529019823,-0.06091253944674977
Benchmark,Guayana City,Venezuela,2015,5815.688,377.7096,877.547,6627.209710704954,-545.7403731146551,-0.07608311318737734
Benchmark,Guayana City,Venezuela,2016,4892.514,373.7086,866.3301,5647.401608232243,-979.8081024727107,-0.14784624981612146
Benchmark,Guayana City,Venezuela,2017,4105.903,358.6779,846.2839,4851.685114179769,-795.7164940524744,-0.1408995763454391
Benchmark,Guayana City,Venezuela,2018,3271.13,356.7345,823.6855,3971.3337189983313,-880.3513951814375,-0.1814527065263325
Benchmark,Guayana City,Venezuela,2019,2051.143,354.7152,807.0111,2541.654011946056,-1429.6797070522753,-0.35999989127402665
Benchmark,Guayana City,Venezuela,2020,1281.186,324.9439,802.0236,1597.441771040154,-944.212240905902,-0.3714951903240959
Benchmark,Guayana City,Venezuela,2021,1309.812,333.4169,810.9263,1615.204735621474,17.76296458131992,0.011119631966149096
Benchmark,Maracay,Venezuela,2001,6817.576,521.0429,1261.881,5402.709130258717,NA,NA
Benchmark,Maracay,Venezuela,2002,6150.935,546.5208,1281.349,4800.358840565685,-602.3502896930322,-0.11149041622830948
Benchmark,Maracay,Venezuela,2003,5751.44,556.4714,1301.443,4419.27921545546,-381.0796251102247,-0.0793856538161046
Benchmark,Maracay,Venezuela,2004,6761.682,567.5009,1319.816,5123.200506737303,703.921291281843,0.1592841857151801
Benchmark,Maracay,Venezuela,2005,7634.104,584.289,1339.894,5697.543238494985,574.3427317576825,0.11210623730271513
Benchmark,Maracay,Venezuela,2006,8275.354,596.7588,1363.858,6067.606744983715,370.0635064887292,0.06495141695256043
Benchmark,Maracay,Venezuela,2007,9027.958,601.6246,1381.105,6536.764402416905,469.15765743319025,0.07732169818372919
Benchmark,Maracay,Venezuela,2008,9216.462,619.9652,1397.982,6592.690034635639,55.92563221873388,0.008555552682617094
Benchmark,Maracay,Venezuela,2009,8742.979,628.1132,1416.286,6173.173356228897,-419.51667840674145,-0.06363361180379339
Benchmark,Maracay,Venezuela,2010,8931.434,651.0323,1434.759,6225.041278709526,51.867922480628295,0.008402149022478394
Benchmark,Maracay,Venezuela,2011,9285.946,656.351,1453.961,6386.654112455561,161.612833746035,0.025961728848091743
Benchmark,Maracay,Venezuela,2012,10089.53,673.8849,1473.388,6847.843202197928,461.1890897423673,0.07221137729111306
Benchmark,Maracay,Venezuela,2013,10480.46,710.8346,1489.183,7037.724712140818,189.88150994289026,0.027728659131965035
Benchmark,Maracay,Venezuela,2014,9682.028,716.5708,1486.431,6513.607426109924,-524.1172860308943,-0.07447254723202468
Benchmark,Maracay,Venezuela,2015,8751.683,717.9971,1482.942,5901.567964222471,-612.0394618874525,-0.09396320991561147
Benchmark,Maracay,Venezuela,2016,7107.24,712.24,1457.789,4875.355761361898,-1026.2122028605736,-0.17388805976341518
Benchmark,Maracay,Venezuela,2017,5915.834,686.0742,1419.48,4167.6064474314535,-707.7493139304443,-0.145168752512276
Benchmark,Maracay,Venezuela,2018,4643.863,682.9551,1377.616,3370.941539587229,-796.6649078442247,-0.19115646304252623
Benchmark,Maracay,Venezuela,2019,3169.521,689.2994,1344.982,2356.5527270996936,-1014.3888124875352,-0.30092150830113384
Benchmark,Maracay,Venezuela,2020,2075.848,641.7761,1330.117,1560.6506796018696,-795.902047497824,-0.33773997006100237
Benchmark,Maracay,Venezuela,2021,2094.061,656.2353,1336.042,1567.3616547982774,6.710975196407844,0.004300113589877685
Benchmark,Valencia (Venezuela),Venezuela,2001,8802.508,614.3079,1452.393,6060.692939170046,NA,NA
Benchmark,Valencia (Venezuela),Venezuela,2002,8025.024,625.5814,1490.138,5385.423363473718,-675.2695756963276,-0.1114178828186599
Benchmark,Valencia (Venezuela),Venezuela,2003,7843.931,644.8587,1528.022,5133.388786287109,-252.03457718660957,-0.04679939907714918
Benchmark,Valencia (Venezuela),Venezuela,2004,9771.476,693.2081,1563.808,6248.513884057378,1115.1250977702693,0.21722981527312293
Benchmark,Valencia (Venezuela),Venezuela,2005,11263.76,717.3754,1601.867,7031.644949299785,783.1310652424072,0.12533077140798363
Benchmark,Valencia (Venezuela),Venezuela,2006,11760.61,731.4919,1633.193,7200.992166878012,169.34721757822626,0.024083584822508698
Benchmark,Valencia (Venezuela),Venezuela,2007,12827.1,753.6588,1656.56,7743.214854879992,542.2226880019807,0.07529833048506998
Benchmark,Valencia (Venezuela),Venezuela,2008,13485.81,757.8073,1679.416,8030.05925869469,286.8444038146972,0.03704461379292863
Benchmark,Valencia (Venezuela),Venezuela,2009,13336.91,788.9448,1701.554,7838.076252649049,-191.98300604564065,-0.023908043497657582
Benchmark,Valencia (Venezuela),Venezuela,2010,13634.63,807.6943,1722.92,7913.675620458292,75.59936780924272,0.009645143192335271
Benchmark,Valencia (Venezuela),Venezuela,2011,13806.03,834.9229,1744.921,7912.123242255667,-1.5523782026248227,-1.961639921924071e-4
Benchmark,Valencia (Venezuela),Venezuela,2012,14309.92,825.1413,1767.961,8094.0246985086205,181.90145625295372,0.02299022028391654
Benchmark,Valencia (Venezuela),Venezuela,2013,14027.96,867.0946,1793.211,7822.8161660841915,-271.208532424429,-0.03350725288426672
Benchmark,Valencia (Venezuela),Venezuela,2014,13360.28,874.3774,1801.389,7416.65459265045,-406.161573433742,-0.0519201224738803
Benchmark,Valencia (Venezuela),Venezuela,2015,12641.95,913.048,1799.696,7024.491914189952,-392.1626784604978,-0.05287595283850919
Benchmark,Valencia (Venezuela),Venezuela,2016,10340.57,896.8738,1774.154,5828.451194202983,-1196.0407199869687,-0.1702672214015771
Benchmark,Valencia (Venezuela),Venezuela,2017,8729.165,860.0639,1731.007,5042.824783493076,-785.6264107099068,-0.13479162551644872
Benchmark,Valencia (Venezuela),Venezuela,2018,7024.458,855.4343,1683.152,4173.394916204835,-869.4298672882414,-0.17240929530888888
Benchmark,Valencia (Venezuela),Venezuela,2019,4738.202,844.3658,1647.924,2875.2551695345173,-1298.1397466703174,-0.3110512598819209
Benchmark,Valencia (Venezuela),Venezuela,2020,3131.544,824.5378,1637.067,1912.8991055344711,-962.3560640000462,-0.33470283757661917
Benchmark,Valencia (Venezuela),Venezuela,2021,3149.307,828.3521,1655.052,1902.8447444551591,-10.054361079312002,-0.005256085409953065
